foto_ (14).jpg,183,538,817,897,fecha
foto_ (49).jpg,245,159,968,651,princesa
foto_ (3).jpg,355,477,1186,802,princesa
foto_ (41).jpg,348,551,560,656,fecha
foto_ (11).jpg,527,464,708,610,fecha
foto_ (20).jpg,299,659,834,774,fecha
foto_ (39).jpg,29,66,1270,784,sal
foto_ (33).jpg,679,794,860,827,fecha
foto_ (46).jpg,424,613,603,651,fecha
foto_ (44).jpg,465,361,1083,625,princesa
foto_ (1).jpg,465,339,647,461,fecha
foto_ (18).jpg,209,266,1129,987,obsesion
foto_ (5).jpg,545,641,1058,959,fecha
foto_ (26).jpg,714,124,1046,833,princesa
foto_ (50).jpg,463,688,677,721,fecha
foto_ (12).jpg,513,420,1159,997,obsesion
foto_ (50).jpg,286,518,1014,736,princesa
foto_ (46).jpg,263,441,891,692,princesa
foto_ (51).jpg,336,312,949,363,fecha
foto_ (14).jpg,4,136,1280,1021,sal
foto_ (15).jpg,1,228,1186,1024,sal
foto_ (34).jpg,298,253,1386,992,sal
foto_ (31).jpg,652,11,1426,400,princesa
foto_ (39).jpg,250,464,960,566,fecha
foto_ (7).jpg,299,420,881,825,fecha
foto_ (24).jpg,548,135,987,787,obsesion
foto_ (18).jpg,709,408,839,516,fecha
foto_ (21).jpg,52,384,952,859,obsesion
foto_ (38).jpg,27,7,1168,974,sal
foto_ (35).jpg,567,135,1115,1033,obsesion
foto_ (13).jpg,375,547,950,852,fecha
foto_ (8).jpg,450,346,1099,1000,obsesion
foto_ (17).jpg,252,636,832,800,fecha
foto_ (37).jpg,405,546,954,649,fecha
foto_ (36).jpg,905,242,1032,379,fecha
foto_ (28).jpg,791,142,961,199,fecha
foto_ (9).jpg,11,97,1101,1012,sal
foto_ (44).jpg,628,536,800,576,fecha
foto_ (3).jpg,575,712,812,756,fecha
foto_ (43).jpg,206,195,811,636,princesa
foto_ (13).jpg,35,112,1228,1024,sal
foto_ (42).jpg,412,403,625,546,fecha
foto_ (8).jpg,813,453,893,544,fecha
foto_ (48).jpg,396,43,1117,538,princesa
foto_ (51).jpg,40,87,1142,777,sal
foto_ (5).jpg,368,153,1275,1018,sal
foto_ (7).jpg,101,12,1273,1023,sal
foto_ (32).jpg,754,147,1036,868,princesa
foto_ (33).jpg,522,628,1228,848,princesa
foto_ (4).jpg,345,161,1011,859,obsesion
foto_ (49).jpg,414,399,604,505,fecha
foto_ (41).jpg,99,256,909,741,princesa
foto_ (30).jpg,604,170,1371,404,princesa
foto_ (40).jpg,417,205,1209,971,obsesion
foto_ (40).jpg,875,310,966,428,fecha
foto_ (47).jpg,639,378,864,421,fecha
foto_ (36).jpg,478,182,1173,800,obsesion
foto_ (24).jpg,777,552,895,704,fecha
foto_ (27).jpg,492,1,1252,961,sal
foto_ (32).jpg,795,315,834,499,fecha
foto_ (29).jpg,329,215,1336,826,sal
foto_ (11).jpg,35,422,804,876,obsesion
foto_ (4).jpg,761,269,848,397,fecha
foto_ (27).jpg,782,122,948,193,fecha
foto_ (26).jpg,918,517,967,690,fecha
foto_ (19).jpg,45,105,1260,853,sal
foto_ (23).jpg,513,500,709,535,fecha
foto_ (38).jpg,306,507,911,733,fecha
foto_ (30).jpg,761,336,959,369,fecha
foto_ (48).jpg,630,327,810,437,fecha
foto_ (6).jpg,794,513,878,600,fecha
foto_ (31).jpg,850,251,1040,329,fecha
foto_ (25).jpg,583,102,830,813,princesa
foto_ (12).jpg,885,509,979,597,fecha
foto_ (43).jpg,406,446,558,545,fecha
foto_ (47).jpg,440,218,1258,474,princesa
foto_ (29).jpg,1051,466,1133,615,fecha
foto_ (2).jpg,245,356,975,815,princesa
foto_ (42).jpg,137,64,955,684,princesa
foto_ (16).jpg,422,343,1034,641,fecha
foto_ (28).jpg,450,6,1258,937,sal
